<?xml version="1.0" encoding="UTF-8"?>
<project-private xmlns="http://www.netbeans.org/ns/project-private/1">
    <editor-bookmarks xmlns="http://www.netbeans.org/ns/editor-bookmarks/2" lastBookmarkId="0"/>
    <open-files xmlns="http://www.netbeans.org/ns/projectui-open-files/2">
        <group>
            <file>file:/C:/Users/KORISNIK/Documents/NetBeansProjects/FPMOZ-Restoran-PUJ-2018-2019-JAVAFX-master_/src/controller/Admin.java</file>
            <file>file:/C:/Users/KORISNIK/Documents/NetBeansProjects/FPMOZ-Restoran-PUJ-2018-2019-JAVAFX-master_/src/controller/Gost.java</file>
            <file>file:/C:/Users/KORISNIK/Documents/NetBeansProjects/FPMOZ-Restoran-PUJ-2018-2019-JAVAFX-master_/src/controller/Utils.java</file>
            <file>file:/C:/Users/KORISNIK/Documents/NetBeansProjects/FPMOZ-Restoran-PUJ-2018-2019-JAVAFX-master_/src/controller/Registracija.java</file>
            <file>file:/C:/Users/KORISNIK/Documents/NetBeansProjects/FPMOZ-Restoran-PUJ-2018-2019-JAVAFX-master_/src/view/gost.fxml</file>
            <file>file:/C:/Users/KORISNIK/Documents/NetBeansProjects/FPMOZ-Restoran-PUJ-2018-2019-JAVAFX-master_/src/model/Database.java</file>
            <file>file:/C:/Users/KORISNIK/Documents/NetBeansProjects/FPMOZ-Restoran-PUJ-2018-2019-JAVAFX-master_/src/controller/Waiter.java</file>
            <file>file:/C:/Users/KORISNIK/Documents/NetBeansProjects/FPMOZ-Restoran-PUJ-2018-2019-JAVAFX-master_/src/controller/Login.java</file>
            <file>file:/C:/Users/KORISNIK/Documents/NetBeansProjects/FPMOZ-Restoran-PUJ-2018-2019-JAVAFX-master_/src/application.java</file>
            <file>file:/C:/Users/KORISNIK/Documents/NetBeansProjects/FPMOZ-Restoran-PUJ-2018-2019-JAVAFX-master_/src/model/Connection.java</file>
            <file>file:/C:/Users/KORISNIK/Documents/NetBeansProjects/FPMOZ-Restoran-PUJ-2018-2019-JAVAFX-master_/src/view/waiter.fxml</file>
        </group>
    </open-files>
</project-private>
